tc_id,label,descriptor,phase,method,n_kp_src,n_kp_ref,n_raw_matches,n_inliers,rmse_x,rmse_y,exec_time_s,status,expected_phase1,expected_phase2,level1_inliers,level1_threshold,level1_pass
TC-00,BASELINE_SIMILAR_LIGHTING,sift,1,RANSAC,35199,28719,49,5,0.0,0.0,7.4992891080000845,PASS,PASS,PASS,,,
TC-00,BASELINE_SIMILAR_LIGHTING,rift2,1,RANSAC,65891,62271,1159,65,24.5052547454834,90.4200439453125,8.147503598000185,PASS,PASS,PASS,,,
TC-01,MODERATE_LIGHTING_DIFF,sift,1,RANSAC,35199,13,202,129,3.3356168270111084,0.9410994648933411,0.018177817997639067,PASS,PASS,PASS,,,
TC-01,MODERATE_LIGHTING_DIFF,rift2,1,RANSAC,65891,32715,541,37,0.8508829474449158,0.4894062876701355,3.303129362000618,PASS,PASS,PASS,,,
TC-02,DIFFERENT_LIGHTING,sift,1,RANSAC,35199,19065,53,5,0.792380154132843,0.3343295753002167,3.0559894049983996,PASS,PASS,PASS,,,
TC-02,DIFFERENT_LIGHTING,rift2,1,RANSAC,65891,47940,4446,3402,0.7470978498458862,1.9951450824737549,6.237332741002319,PASS,PASS,PASS,,,
TC-03,LARGE_LIGHTING_DIFF,sift,1,RANSAC,35199,20110,53,6,0.9177093505859375,0.7777342200279236,8.939273100000719,PASS,MARGINAL,MARGINAL,,,
TC-03,LARGE_LIGHTING_DIFF,rift2,1,RANSAC,65891,45975,1070,21,49.21664047241211,64.35648345947266,7.763727706998907,PASS,MARGINAL,MARGINAL,,,
TC-04,VERY_GRAZING_ANGLE,sift,1,RANSAC,35199,20888,61,6,1.116894245147705,0.5329349637031555,5.798739214998932,PASS,MARGINAL,MARGINAL,,,
TC-04,VERY_GRAZING_ANGLE,rift2,1,RANSAC,65891,44330,1136,21,0.3968881666660309,0.6007371544837952,6.401603038997564,PASS,MARGINAL,MARGINAL,,,
