Src_X,Src_Y,Ref_X,Ref_Y,Proj_X,Proj_Y,Residual_X,Residual_Y,Residual_px
290.00,90.00,736.00,1307.00,735.48,1308.02,-0.516,1.018,1.141
292.00,92.00,736.00,1307.00,735.48,1308.02,-0.516,1.018,1.141
567.00,125.00,735.00,1309.00,735.49,1308.06,0.491,-0.941,1.062
92.00,249.00,735.00,1309.00,735.48,1308.01,0.476,-0.993,1.101
353.00,463.00,735.00,1309.00,735.47,1308.04,0.472,-0.958,1.068
526.00,472.00,736.00,1307.00,735.47,1308.08,-0.526,1.076,1.198
535.00,476.00,735.00,1309.00,735.47,1308.08,0.474,-0.922,1.036
537.00,477.00,735.00,1309.00,735.47,1308.08,0.474,-0.921,1.036
891.00,621.00,735.00,1309.00,735.47,1308.38,0.468,-0.616,0.773
1143.00,651.00,735.00,1309.00,735.47,1306.52,0.471,-2.480,2.524
1139.00,729.00,736.00,1307.00,735.50,1306.73,-0.498,-0.269,0.565
325.00,736.00,736.00,1307.00,735.46,1308.05,-0.539,1.053,1.183
1012.00,767.00,735.00,1314.00,735.37,1310.02,0.372,-3.980,3.997
683.00,832.00,735.00,1309.00,735.45,1308.19,0.448,-0.813,0.928
1163.00,914.00,735.00,1309.00,735.53,1307.25,0.528,-1.749,1.826
150.00,977.00,736.00,1307.00,735.45,1308.04,-0.548,1.040,1.176
159.00,997.00,736.00,1307.00,735.45,1308.04,-0.549,1.042,1.178
1136.00,1080.00,736.00,1307.00,735.56,1307.27,-0.440,0.267,0.514
510.00,1082.00,735.00,1309.00,735.44,1308.13,0.435,-0.868,0.971
506.00,1095.00,735.00,1309.00,735.43,1308.13,0.435,-0.868,0.971
55.00,1098.00,736.00,1307.00,735.45,1308.03,-0.551,1.034,1.172
65.00,1105.00,736.00,1307.00,735.45,1308.04,-0.551,1.036,1.173
826.00,1157.00,735.00,1309.00,735.35,1308.59,0.354,-0.408,0.540
827.00,1163.00,735.00,1309.00,735.35,1308.60,0.351,-0.397,0.530
832.00,1167.00,735.00,1309.00,735.35,1308.63,0.345,-0.369,0.505
465.00,1197.00,735.00,1309.00,735.43,1308.13,0.429,-0.873,0.972
274.00,1292.00,735.00,1309.00,735.43,1308.08,0.434,-0.920,1.017
782.00,1382.00,735.00,1309.00,735.30,1308.63,0.303,-0.367,0.476
781.00,1385.00,735.00,1309.00,735.30,1308.63,0.302,-0.369,0.477
969.00,1416.00,736.00,1307.00,735.97,1305.83,-0.032,-1.169,1.169
